,start_time,end_time,collisions
1,1692001220.1299663,1692001244.130162,0
2,1692001592.9364903,1692001617.737065,0
3,1692001620.812702,1692001645.2133033,0
4,1692001648.5528307,1692001671.6531956,0
